ori,,2019,2021,perc_21_19
AR0040100,Bentonville Police Department,7.0,5.0,0.7142857142857143
AR0040200,Rogers Police Department,41.0,29.0,0.7073170731707317
AR0160100,Jonesboro Police Department,81.0,99.0,1.2222222222222223
AR0230100,Conway Police Department,46.0,59.0,1.2826086956521738
AR0260000,Garland County Sheriff's Office,14.0,35.0,2.5
AR0600200,Little Rock Police Department,583.0,1049.0,1.7993138936535162
AR0600300,North Little Rock Police Department,115.0,220.0,1.9130434782608696
AR0630000,Saline County Sheriff's Office,19.0,25.0,1.3157894736842106
AR0660100,Fort Smith Police Department,92.0,163.0,1.7717391304347827
AR0720100,Fayetteville Police Department,46.0,86.0,1.8695652173913044
AR0720200,Springdale Police Department,,39.0,
AZ0071100,Gilbert Police Department,41.0,51.0,1.2439024390243902
AZ0110100,Casa Grande Police Department,15.0,51.0,3.4
AZ0140000,Yuma County Sheriff's Office,14.0,33.0,2.357142857142857
AZ0140500,Yuma Police Department,40.0,63.0,1.575
CO0010000,Adams County Sheriff's Office,83.0,173.0,2.0843373493975905
CO0010100,Aurora Police Department,393.0,852.0,2.16793893129771
CO0010300,Commerce City Police Department,47.0,109.0,2.3191489361702127
CO0010400,Thornton Police Department,16.0,23.0,1.4375
CO0010500,Westminster Police Department,45.0,72.0,1.6
CO0030000,Arapahoe County Sheriff's Office,15.0,47.0,3.1333333333333333
CO0031100,Centennial Police Department,13.0,26.0,2.0
CO0070000,Boulder County Sheriff's Office,18.0,18.0,1.0
CO0070100,Boulder Police Department,24.0,29.0,1.2083333333333333
CO0070400,Longmont Police Department,60.0,75.0,1.25
CO0180000,Douglas County Sheriff's Office,45.0,63.0,1.4
CO0180100,Castle Rock Police Department,0.0,0.0,
CO0180500,Parker Police Department,9.0,11.0,1.2222222222222223
CO0210000,El Paso County Sheriff's Office,87.0,127.0,1.4597701149425288
CO0210100,Colorado Springs Police Department,474.0,583.0,1.229957805907173
CO0300000,Jefferson County Sheriff's Office,15.0,55.0,3.6666666666666665
CO0300100,Arvada Police Department,37.0,60.0,1.6216216216216217
CO0300400,Lakewood Police Department,15.0,150.0,10.0
CO0350000,Larimer County Sheriff's Office,26.0,26.0,1.0
CO0350300,Fort Collins Police Department,29.0,31.0,1.0689655172413792
CO0350400,Loveland Police Department,22.0,29.0,1.3181818181818181
CO0390000,Mesa County Sheriff's Office,17.0,33.0,1.9411764705882353
CO0390100,Grand Junction Police Department,42.0,56.0,1.3333333333333333
CO0510000,Pueblo County Sheriff's Office,8.0,7.0,0.875
CO0510100,Pueblo Police Department,125.0,369.0,2.952
CO0620000,Weld County Sheriff's Office,27.0,27.0,1.0
CO0620200,Greeley Police Department,48.0,98.0,2.0416666666666665
CO0640100,Broomfield Police Department,2.0,3.0,1.5
CODPD0000,Denver Police Department,717.0,1166.0,1.6262203626220362
CT0001500,Bridgeport Police Department,116.0,101.0,0.8706896551724138
CT0001700,Bristol Police Department,2.0,2.0,1.0
CT0003400,Danbury Police Department,3.0,2.0,0.6666666666666666
CT0005100,Fairfield Police Department,2.0,1.0,0.5
CT0005700,Greenwich Police Department,0.0,0.0,
CT0006200,Hamden Police Department,9.0,11.0,1.2222222222222223
CT0009300,New Haven Police Department,163.0,169.0,1.0368098159509203
CT0010300,Norwalk Police Department,8.0,1.0,0.125
CT0013500,Stamford Police Department,3.0,20.0,6.666666666666667
CT0013800,Stratford Police Department,6.0,7.0,1.1666666666666667
CT0015100,Waterbury Police Department,32.0,37.0,1.15625
CT0015500,West Hartford Police Department,1.0,1.0,1.0
CT0015600,West Haven Police Department,2.0,6.0,3.0
CTCSP0000,Connecticut State Police,10.0,15.0,1.5
DE0020300,New Castle County Police Department,136.0,169.0,1.2426470588235294
DE0020600,Wilmington Police Department,190.0,248.0,1.305263157894737
DE301SP00,State Police: Kent County,51.0,44.0,0.8627450980392157
DE303SP00,State Police: Sussex County,52.0,84.0,1.6153846153846154
GA0380000,Coweta County Sheriff's Office,33.0,42.0,1.2727272727272727
GA0605600,Sandy Springs Police Department,21.0,52.0,2.4761904761904763
GA0690000,Hall County Sheriff's Office,26.0,57.0,2.1923076923076925
GA1070000,Newton County Sheriff's Office,3.0,113.0,37.666666666666664
GA1100000,Paulding County Sheriff's Office,33.0,79.0,2.393939393939394
HI0020000,Honolulu Police Department,173.0,168.0,0.9710982658959537
IA0070300,Waterloo Police Department,45.0,71.0,1.5777777777777777
IA0310100,Dubuque Police Department,7.0,29.0,4.142857142857143
IA0520200,Iowa City Police Department,5.0,29.0,5.8
IA0570100,Cedar Rapids Police Department,40.0,93.0,2.325
IA0770000,Polk County Sheriff's Office,7.0,6.0,0.8571428571428571
IA0770100,Ankeny Police Department,8.0,8.0,1.0
IA0770300,Des Moines Police Department,158.0,128.0,0.810126582278481
IA0770500,West Des Moines Police Department,,11.0,
IA0780100,Council Bluffs Police Department,24.0,18.0,0.75
IA0820200,Davenport Police Department,121.0,173.0,1.4297520661157024
IA0850100,Ames Police Department,4.0,4.0,1.0
IA0970100,Sioux City Police Department,30.0,63.0,2.1
ID0010000,Ada County Sheriff's Office,12.0,19.0,1.5833333333333333
ID0010100,Boise Police Department,49.0,77.0,1.5714285714285714
ID0010300,Meridian Police Department,16.0,24.0,1.5
ID0030200,Pocatello Police Department,18.0,17.0,0.9444444444444444
ID0100000,Bonneville County Sheriff's Office,9.0,13.0,1.4444444444444444
ID0100200,Idaho Falls Police Department,11.0,24.0,2.1818181818181817
ID0140000,Canyon County Sheriff's Office,10.0,15.0,1.5
ID0140200,Nampa Police Department,22.0,48.0,2.1818181818181817
ID0280000,Kootenai County Sheriff's Office,26.0,24.0,0.9230769230769231
ID0280100,Coeur d'Alene Police Department,11.0,18.0,1.6363636363636365
ID0420200,Twin Falls Police Department,21.0,28.0,1.3333333333333333
IL1010400,Rockford Police Department,318.0,603.0,1.8962264150943395
IN0320000,Hendricks County Sheriff's Office,,11.0,
IN0530100,Bloomington Police Department,0.0,52.0,inf
IN0710000,St. Joseph County Sheriff's Office,3.0,22.0,7.333333333333333
IN0840100,Terre Haute Police Department,11.0,34.0,3.090909090909091
INIPD0000,Indianapolis Police Department,0.0,1763.0,inf
KS0460500,Olathe Police Department,29.0,52.0,1.793103448275862
KS0460900,Shawnee Police Department,23.0,33.0,1.434782608695652
KS0461000,Lenexa Police Department,6.0,15.0,2.5
KS0810000,Riley County Police Department,42.0,35.0,0.8333333333333334
KS0890000,Shawnee County Sheriff's Office,19.0,17.0,0.8947368421052632
KY0080000,Boone County Sheriff's Office,2.0,3.0,1.5
KY0300100,Owensboro Police Department,12.0,19.0,1.5833333333333333
KY0340200,Lexington Police Department,114.0,123.0,1.0789473684210527
KY0470000,Hardin County Sheriff's Office,2.0,1.0,0.5
KY0568000,Louisville Metro Police Department,1097.0,2045.0,1.8641750227894258
KY0630000,Laurel County Sheriff's Office,1.0,3.0,3.0
KY0930400,Oldham County Police Department,0.0,0.0,
KY1000000,Pulaski County Sheriff's Office,1.0,1.0,1.0
KY1140000,Warren County Sheriff's Office,3.0,4.0,1.3333333333333333
KY1140100,Bowling Green Police Department,12.0,17.0,1.4166666666666667
LA0030000,Ascension Parish Sheriff's Office,61.0,116.0,1.901639344262295
LA0100000,Calcasieu Parish Sheriff's Office,80.0,106.0,1.325
LA0290000,Lafourche Parish Sheriff's Office,44.0,78.0,1.7727272727272727
LA0370000,Ouachita Parish Sheriff's Office,85.0,116.0,1.3647058823529412
LA0400000,Rapides Parish Sheriff's Office,46.0,82.0,1.7826086956521738
MA0030800,Fall River Police Department,45.0,70.0,1.5555555555555556
MA0031100,New Bedford Police Department,33.0,44.0,1.3333333333333333
MA0031900,Taunton Police Department,14.0,13.0,0.9285714285714286
MA0051100,Haverhill Police Department,23.0,23.0,1.0
MA0051400,Lynn Police Department,44.0,37.0,0.8409090909090909
MA0051900,Methuen Police Department,9.0,2.0,0.2222222222222222
MA0052500,Peabody Police Department,0.0,13.0,inf
MA0070500,Chicopee Police Department,15.0,16.0,1.0666666666666667
MA0071800,Springfield Police Department,159.0,230.0,1.4465408805031446
MA0091100,Cambridge Police Department,18.0,28.0,1.5555555555555556
MA0091800,Framingham Police Department,8.0,7.0,0.875
MA0092600,Lowell Police Department,27.0,47.0,1.7407407407407407
MA0092700,Malden Police Department,11.0,13.0,1.1818181818181819
MA0093000,Medford Police Department,10.0,5.0,0.5
MA0093300,Newton Police Department,2.0,2.0,1.0
MA0093900,Somerville Police Department,15.0,14.0,0.9333333333333333
MA0094700,Waltham Police Department,0.0,3.0,inf
MA0110400,Brookline Police Department,0.0,1.0,inf
MA0112000,Quincy Police Department,6.0,13.0,2.1666666666666665
MA0112700,Weymouth Police Department,3.0,5.0,1.6666666666666667
MA0120300,Brockton Police Department,61.0,72.0,1.180327868852459
MA0122000,Plymouth Police Department,8.0,5.0,0.625
MA0130400,Revere Police Department,16.0,12.0,0.75
MA0146000,Worcester Police Department,111.0,121.0,1.09009009009009
MD0160400,Montgomery County Police Department,84.0,165.0,1.9642857142857142
ME0060000,Kennebec County Sheriff's Office,2.0,0.0,0.0
MI0310300,Allegan County Sheriff's Office,10.0,12.0,1.2
MI0910900,Bay County Sheriff's Office,4.0,6.0,1.5
MI1111100,Berrien County Sheriff's Office,10.0,19.0,1.9
MI1323700,Battle Creek Police Department,81.0,99.0,1.2222222222222223
MI2312300,Eaton County Sheriff's Office,14.0,23.0,1.6428571428571428
MI2539800,Flint Police Department,299.0,305.0,1.020066889632107
MI2812800,Grand Traverse County Sheriff's Office,10.0,14.0,1.4
MI3313300,Ingham County Sheriff's Office,13.0,22.0,1.6923076923076923
MI3351900,Lansing Police Department,165.0,408.0,2.4727272727272727
MI3813800,Jackson County Sheriff's Office,17.0,22.0,1.2941176470588236
MI3913900,Kalamazoo County Sheriff's Office,34.0,59.0,1.7352941176470589
MI3949900,Kalamazoo Police Department,136.0,277.0,2.036764705882353
MI3967800,Portage Police Department,7.0,15.0,2.142857142857143
MI4114100,Kent County Sheriff's Office,31.0,55.0,1.7741935483870968
MI4143600,Grand Rapids Police Department,129.0,374.0,2.89922480620155
MI4183400,Wyoming Police Department,43.0,66.0,1.5348837209302326
MI4185000,Kentwood Police Department,11.0,24.0,2.1818181818181817
MI4414400,Lapeer County Sheriff's Office,8.0,11.0,1.375
MI4714700,Livingston County Sheriff's Office,6.0,10.0,1.6666666666666667
MI5015000,Macomb County Sheriff's Office,27.0,45.0,1.6666666666666667
MI5072200,St. Clair Shores Police Department,10.0,11.0,1.1
MI5074000,Shelby Township Police Department,9.0,13.0,1.4444444444444444
MI5076500,Sterling Heights Police Department,15.0,36.0,2.4
MI5080600,Warren Police Department,90.0,127.0,1.4111111111111112
MI5084900,Clinton Township Police Department,35.0,55.0,1.5714285714285714
MI5915900,Montcalm County Sheriff's Office,1.0,8.0,8.0
MI6116100,Muskegon County Sheriff's Office,7.0,2.0,0.2857142857142857
MI631900X,Pontiac Police Department,126.0,160.0,1.2698412698412698
MI631910X,Rochester Hills Police Department,5.0,3.0,0.6
MI6338900,Farmington Hills Police Department,10.0,19.0,1.9
MI6362700,Novi Police Department,3.0,6.0,2.0
MI6371400,Royal Oak Police Department,3.0,7.0,2.3333333333333335
MI6375100,Southfield Police Department,32.0,98.0,3.0625
MI6378400,Troy Police Department,5.0,23.0,4.6
MI6380800,Waterford Township Police Department,13.0,22.0,1.6923076923076923
MI6381500,West Bloomfield Township Police Department,2.0,10.0,5.0
MI7017000,Ottawa County Sheriff's Office,35.0,52.0,1.4857142857142858
MI7417400,St. Clair County Sheriff's Office,9.0,17.0,1.8888888888888888
MI8018000,Van Buren County Sheriff's Office,11.0,9.0,0.8181818181818182
MI8118100,Washtenaw County Sheriff's Office,67.0,92.0,1.373134328358209
MI8121800,Ann Arbor Police Department,19.0,28.0,1.4736842105263157
MI8234300,Dearborn Police Department,48.0,88.0,1.8333333333333333
MI8234400,Dearborn Heights Police Department,24.0,51.0,2.125
MI8234900,Detroit Police Department,3163.0,4379.0,1.38444514701233
MI8253800,Livonia Police Department,27.0,36.0,1.3333333333333333
MI8277500,Taylor Police Department,46.0,76.0,1.6521739130434783
MI8281700,Westland Police Department,33.0,77.0,2.3333333333333335
MI8290800,Canton Township Police Department,11.0,26.0,2.3636363636363638
MN0100000,Carver County Sheriff's Office,2.0,3.0,1.5
MN0270300,Brooklyn Park Police Department,,66.0,
MN0271100,Minneapolis Police Department,486.0,1101.0,2.265432098765432
MN0550100,Rochester Police Department,20.0,31.0,1.55
MN0620000,Ramsey County Sheriff's Office,16.0,28.0,1.75
MN0690000,St. Louis County Sheriff's Office,2.0,6.0,3.0
MO0100200,Columbia Police Department,17.0,123.0,7.235294117647059
MO0110100,St. Joseph Police Department,62.0,45.0,0.7258064516129032
MO0360000,Franklin County Sheriff's Office,4.0,10.0,2.5
MO0490700,Joplin Police Department,20.0,28.0,1.4
MO0920300,St. Charles Police Department,7.0,35.0,5.0
MO0920400,St. Peters Police Department,6.0,9.0,1.5
MOKPD0000,Kansas City Police Department,1565.0,1910.0,1.220447284345048
MS0170100,Southaven Police Department,15.0,34.0,2.2666666666666666
MS0240000,Harrison County Sheriff's Office,7.0,9.0,1.2857142857142858
MS0240200,Gulfport Police Department,68.0,76.0,1.1176470588235294
MT0070100,Great Falls Police Department,14.0,33.0,2.357142857142857
MT0150000,Flathead County Sheriff's Office,30.0,34.0,1.1333333333333333
MT0160000,Gallatin County Sheriff's Office,16.0,20.0,1.25
MT0160100,Bozeman Police Department,2.0,17.0,8.5
MT0320100,Missoula Police Department,14.0,38.0,2.7142857142857144
MT0560100,Billings Police Department,37.0,158.0,4.27027027027027
NB0280000,Douglas County Sheriff's Office,3.0,9.0,3.0
NB0400100,Grand Island Police Department,13.0,13.0,1.0
NB0770000,Sarpy County Sheriff's Office,0.0,0.0,
NB0770100,Bellevue Police Department,3.0,1.0,0.3333333333333333
NC0010000,Alamance County Sheriff's Office,28.0,47.0,1.6785714285714286
NC0010100,Burlington Police Department,65.0,117.0,1.8
NC0110000,Buncombe County Sheriff's Office,51.0,23.0,0.45098039215686275
NC0110100,Asheville Police Department,115.0,118.0,1.0260869565217392
NC0120000,Burke County Sheriff's Office,13.0,16.0,1.2307692307692308
NC0130000,Cabarrus County Sheriff's Office,7.0,10.0,1.4285714285714286
NC0130100,Concord Police Department,30.0,24.0,0.8
NC0130200,Kannapolis Police Department,27.0,37.0,1.3703703703703705
NC0140000,Caldwell County Sheriff's Office,16.0,19.0,1.1875
NC0190000,Chatham County Sheriff's Office,5.0,15.0,3.0
NC0230000,Cleveland County Sheriff's Office,19.0,38.0,2.0
NC0260100,Fayetteville Police Department,340.0,571.0,1.6794117647058824
NC0320100,Durham Police Department,410.0,574.0,1.4
NC0330100,Rocky Mount Police Department,121.0,145.0,1.1983471074380165
NC0350000,Franklin County Sheriff's Office,16.0,25.0,1.5625
NC0410000,Guilford County Sheriff's Office,53.0,55.0,1.0377358490566038
NC0410200,Greensboro Police Department,522.0,553.0,1.0593869731800767
NC0410300,High Point Police Department,246.0,171.0,0.6951219512195121
NC0490000,Iredell County Sheriff's Office,20.0,32.0,1.6
NC0510000,Johnston County Sheriff's Office,16.0,32.0,2.0
NC0550000,Lincoln County Sheriff's Office,26.0,28.0,1.0769230769230769
NC0600100,Charlotte-Mecklenburg Police Department,1517.0,2079.0,1.3704680290046143
NC0600600,Huntersville Police Department,15.0,20.0,1.3333333333333333
NC0630000,Moore County Sheriff's Office,6.0,5.0,0.8333333333333334
NC0650000,New Hanover County Sheriff's Office,26.0,25.0,0.9615384615384616
NC0650200,Wilmington Police Department,165.0,122.0,0.7393939393939394
NC0680000,Orange County Sheriff's Office,12.0,24.0,2.0
NC0680100,Chapel Hill Police Department,3.0,16.0,5.333333333333333
NC0740000,Pitt County Sheriff's Office,24.0,32.0,1.3333333333333333
NC0740300,Greenville Police Department,100.0,120.0,1.2
NC0780000,Robeson County Sheriff's Office,207.0,360.0,1.7391304347826086
NC0790000,Rockingham County Sheriff's Office,9.0,8.0,0.8888888888888888
NC0800000,Rowan County Sheriff's Office,19.0,41.0,2.1578947368421053
NC0820000,Sampson County Sheriff's Office,40.0,35.0,0.875
NC0900000,Union County Sheriff's Office,35.0,56.0,1.6
NC0920000,Wake County Sheriff's Office,30.0,49.0,1.6333333333333333
NC0920100,Raleigh Police Department,203.0,489.0,2.4088669950738915
NC0920200,Apex Police Department,7.0,4.0,0.5714285714285714
NC0920300,Cary Police Department,16.0,32.0,2.0
NC0960000,Wayne County Sheriff's Office,43.0,50.0,1.1627906976744187
NC0970000,Wilkes County Sheriff's Office,18.0,14.0,0.7777777777777778
ND0080100,Bismarck Police Department,2.0,3.0,1.5
ND0090200,Fargo Police Department,6.0,18.0,3.0
ND0180100,Grand Forks Police Department,1.0,4.0,4.0
NH0063400,Manchester Police Department,104.0,95.0,0.9134615384615384
NH0064600,Nashua Police Department,1.0,2.0,2.0
NM0010100,Albuquerque Police Department,1211.0,1708.0,1.4104046242774566
NM0070000,Dona Ana County Sheriff's Office,17.0,64.0,3.764705882352941
OH0091500,West Chester Township Police Department,4.0,16.0,4.0
OH0120000,Clark County Sheriff's Office,2.0,5.0,2.5
OH0130000,Clermont County Sheriff's Office,24.0,9.0,0.375
OH0184200,Parma Police Department,17.0,19.0,1.1176470588235294
OH0230000,Fairfield County Sheriff's Office,11.0,11.0,1.0
OH0250000,Franklin County Sheriff's Office,2.0,5.0,2.5
OH0250300,Dublin Police Department,4.0,0.0,0.0
OH0314200,Colerain Township Police Department,5.0,28.0,5.6
OH0314400,Green Township Police Department,0.0,12.0,inf
OH0450100,Newark Police Department,10.0,12.0,1.2
OH0470000,Lorain County Sheriff's Office,4.0,9.0,2.25
OH0470400,Elyria Police Department,12.0,27.0,2.25
OH0470500,Lorain Police Department,45.0,67.0,1.488888888888889
OH0480000,Lucas County Sheriff's Office,15.0,15.0,1.0
OH0480700,Toledo Police Department,594.0,902.0,1.5185185185185186
OH0500900,Youngstown Police Department,49.0,178.0,3.63265306122449
OH0570000,Montgomery County Sheriff's Office,48.0,71.0,1.4791666666666667
OH0570200,Dayton Police Department,275.0,461.0,1.6763636363636363
OH0700000,Richland County Sheriff's Office,9.0,13.0,1.4444444444444444
OH0710000,Ross County Sheriff's Office,19.0,13.0,0.6842105263157895
OH0730000,Scioto County Sheriff's Office,7.0,4.0,0.5714285714285714
OH0760000,Stark County Sheriff's Office,15.0,25.0,1.6666666666666667
OH0760400,Canton Police Department,192.0,291.0,1.515625
OH0770000,Summit County Sheriff's Office,5.0,12.0,2.4
OH0770100,Akron Police Department,304.0,434.0,1.4276315789473684
OH0830000,Warren County Sheriff's Office,6.0,7.0,1.1666666666666667
OH0850000,Wayne County Sheriff's Office,5.0,8.0,1.6
OHCIP0000,Cincinnati Police Department,653.0,862.0,1.3200612557427258
OHCLP0000,Cleveland Police Department,989.0,1589.0,1.6066734074823052
OHCOP0000,Columbus Police Department,700.0,1216.0,1.737142857142857
OK0140200,Norman Police Department,23.0,48.0,2.0869565217391304
OK0550300,Edmond Police Department,13.0,22.0,1.6923076923076923
OK0600200,Stillwater Police Department,9.0,7.0,0.7777777777777778
OR0020100,Corvallis Police Department,0.0,2.0,inf
OR0030000,Clackamas County Sheriff's Office,29.0,40.0,1.3793103448275863
OR0090000,Deschutes County Sheriff's Office,8.0,3.0,0.375
OR0090100,Bend Police Department,6.0,1.0,0.16666666666666666
OR0100000,Douglas County Sheriff's Office,9.0,14.0,1.5555555555555556
OR0150000,Jackson County Sheriff's Office,11.0,4.0,0.36363636363636365
OR0150400,Medford Police Department,29.0,10.0,0.3448275862068966
OR0200200,Eugene Police Department,13.0,33.0,2.5384615384615383
OR0200600,Springfield Police Department,2.0,8.0,4.0
OR0220000,Linn County Sheriff's Office,2.0,0.0,0.0
OR0220100,Albany Police Department,4.0,2.0,0.5
OR0240200,Salem Police Department,69.0,91.0,1.318840579710145
OR0260100,Gresham Police Department,33.0,81.0,2.4545454545454546
OR0260200,Portland Police Department,327.0,756.0,2.311926605504587
OR0340000,Washington County Sheriff's Office,26.0,50.0,1.9230769230769231
OR0340100,Beaverton Police Department,20.0,21.0,1.05
OR0340300,Hillsboro Police Department,16.0,18.0,1.125
OR0340400,Tigard Police Department,12.0,14.0,1.1666666666666667
RI0020300,Warwick Police Department,2.0,6.0,3.0
RI0040200,Cranston Police Department,5.0,14.0,2.8
RI0040800,Pawtucket Police Department,27.0,52.0,1.9259259259259258
RI0040900,Providence Police Department,85.0,98.0,1.1529411764705881
SC0040000,Anderson County Sheriff's Office,191.0,258.0,1.350785340314136
SC0070000,Beaufort County Sheriff's Office,114.0,136.0,1.1929824561403508
SC0080000,Berkeley County Sheriff's Office,69.0,120.0,1.7391304347826086
SC0100000,Charleston County Sheriff's Office,47.0,50.0,1.0638297872340425
SC0100100,Charleston Police Department,124.0,178.0,1.435483870967742
SC0100300,Mount Pleasant Police Department,12.0,17.0,1.4166666666666667
SC0100800,North Charleston Police Department,240.0,324.0,1.35
SC0160000,Darlington County Sheriff's Office,122.0,151.0,1.2377049180327868
SC0180000,Dorchester County Sheriff's Office,93.0,98.0,1.053763440860215
SC0180200,Summerville Police Department,29.0,19.0,0.6551724137931034
SC0210000,Florence County Sheriff's Office,121.0,150.0,1.2396694214876034
SC0220000,Georgetown County Sheriff's Office,39.0,36.0,0.9230769230769231
SC0230000,Greenville County Sheriff's Office,328.0,381.0,1.1615853658536586
SC0230200,Greenville Police Department,65.0,117.0,1.8
SC0260400,Horry County Police Department,189.0,221.0,1.1693121693121693
SC0280000,Kershaw County Sheriff's Office,38.0,54.0,1.4210526315789473
SC0290000,Lancaster County Sheriff's Office,79.0,107.0,1.3544303797468353
SC0320000,Lexington County Sheriff's Office,114.0,167.0,1.4649122807017543
SC0370000,Oconee County Sheriff's Office,38.0,72.0,1.894736842105263
SC0380000,Orangeburg County Sheriff's Office,196.0,302.0,1.5408163265306123
SC0390000,Pickens County Sheriff's Office,48.0,46.0,0.9583333333333334
SC0400000,Richland County Sheriff's Office,570.0,644.0,1.1298245614035087
SC0400100,Columbia Police Department,248.0,337.0,1.3588709677419355
SC0420000,Spartanburg County Sheriff's Office,217.0,253.0,1.1658986175115207
SC0430000,Sumter County Sheriff's Office,117.0,153.0,1.3076923076923077
SC0460000,York County Sheriff's Office,54.0,79.0,1.462962962962963
SD0490200,Sioux Falls Police Department,83.0,131.0,1.5783132530120483
SD0510100,Rapid City Police Department,31.0,51.0,1.6451612903225807
TN0050000,Blount County Sheriff's Office,57.0,53.0,0.9298245614035088
TN0060000,Bradley County Sheriff's Office,21.0,49.0,2.3333333333333335
TN0180000,Cumberland County Sheriff's Office,11.0,15.0,1.3636363636363635
TN0190100,Nashville Metropolitan Police Department,1490.0,2139.0,1.4355704697986578
TN0330000,Hamilton County Sheriff's Office,23.0,38.0,1.6521739130434783
TN0330100,Chattanooga Police Department,407.0,762.0,1.8722358722358723
TN0470000,Knox County Sheriff's Office,89.0,121.0,1.3595505617977528
TN0470100,Knoxville Police Department,245.0,417.0,1.7020408163265306
TN0570100,Jackson Police Department,160.0,210.0,1.3125
TN0630000,Montgomery County Sheriff's Office,21.0,24.0,1.1428571428571428
TN0630100,Clarksville Police Department,225.0,278.0,1.2355555555555555
TN0750000,Rutherford County Sheriff's Office,48.0,63.0,1.3125
TN0750100,Murfreesboro Police Department,107.0,164.0,1.5327102803738317
TN0750200,Smyrna Police Department,32.0,47.0,1.46875
TN0780000,Sevier County Sheriff's Office,21.0,25.0,1.1904761904761905
TN0790000,Shelby County Sheriff's Office,130.0,169.0,1.3
TN0790100,Collierville Police Department,18.0,9.0,0.5
TN0790600,Bartlett Police Department,23.0,37.0,1.608695652173913
TN0820000,Sullivan County Sheriff's Office,41.0,49.0,1.1951219512195121
TN0820200,Kingsport Police Department,45.0,99.0,2.2
TN0830000,Sumner County Sheriff's Office,25.0,25.0,1.0
TN0830400,Hendersonville Police Department,27.0,7.0,0.25925925925925924
TN0900000,Washington County Sheriff's Office,32.0,32.0,1.0
TN0900100,Johnson City Police Department,50.0,50.0,1.0
TN0940000,Williamson County Sheriff's Office,22.0,22.0,1.0
TN0940100,Franklin Police Department,24.0,32.0,1.3333333333333333
TN0950000,Wilson County Sheriff's Office,13.0,15.0,1.1538461538461537
TNMPD0000,Memphis Police Department,3362.0,5608.0,1.668054729327781
TX0140700,Temple Police Department,52.0,88.0,1.6923076923076923
TX0201000,Pearland Police Department,15.0,39.0,2.6
TX0210200,College Station Police Department,26.0,47.0,1.8076923076923077
TX0310100,Brownsville Police Department,75.0,98.0,1.3066666666666666
TX0310300,Harlingen Police Department,25.0,56.0,2.24
TX0430400,Frisco Police Department,21.0,59.0,2.8095238095238093
TX0430500,McKinney Police Department,57.0,68.0,1.1929824561403508
TX0430600,Plano Police Department,53.0,83.0,1.5660377358490567
TX0430800,Wylie Police Department,1.0,9.0,9.0
TX0460100,New Braunfels Police Department,27.0,41.0,1.5185185185185186
TX0571200,Grand Prairie Police Department,118.0,116.0,0.9830508474576272
TX0571800,Mesquite Police Department,139.0,234.0,1.683453237410072
TX0572000,Richardson Police Department,23.0,42.0,1.826086956521739
TX0573300,Rowlett Police Department,8.0,30.0,3.75
TX0610200,Denton Police Department,26.0,83.0,3.1923076923076925
TX0610600,Lewisville Police Department,34.0,78.0,2.2941176470588234
TX0611200,Flower Mound Police Department,3.0,4.0,1.3333333333333333
TX0790000,Fort Bend County Sheriff's Office,238.0,318.0,1.3361344537815125
TX0790100,Missouri City Police Department,19.0,30.0,1.5789473684210527
TX0920500,Longview Police Department,95.0,78.0,0.8210526315789474
TX1011500,Pasadena Police Department,107.0,181.0,1.691588785046729
TX1050100,San Marcos Police Department,32.0,64.0,2.0
TX1050700,Kyle Police Department,7.0,15.0,2.142857142857143
TX1110000,Hood County Sheriff's Office,16.0,17.0,1.0625
TX1290000,Kaufman County Sheriff's Office,25.0,46.0,1.84
TX1520200,Lubbock Police Department,442.0,577.0,1.3054298642533937
TX1551200,Waco Police Department,156.0,308.0,1.9743589743589745
TX1700100,Conroe Police Department,44.0,60.0,1.3636363636363635
TX1840000,Parker County Sheriff's Office,33.0,40.0,1.2121212121212122
TX1880100,Amarillo Police Department,285.0,371.0,1.3017543859649123
TX2120400,Tyler Police Department,87.0,155.0,1.7816091954022988
TX2200100,Arlington Police Department,476.0,630.0,1.3235294117647058
TX2201200,Fort Worth Police Department,756.0,1390.0,1.8386243386243386
TX2202100,North Richland Hills Police Department,24.0,32.0,1.3333333333333333
TX2210100,Abilene Police Department,76.0,125.0,1.644736842105263
TX2260100,San Angelo Police Department,91.0,90.0,0.989010989010989
TX2270100,Austin Police Department,571.0,1128.0,1.9754816112084064
TX2270900,Pflugerville Police Department,12.0,36.0,3.0
TX2350100,Victoria Police Department,80.0,90.0,1.125
TX2400100,Laredo Police Department,101.0,122.0,1.2079207920792079
TX2460000,Williamson County Sheriff's Office,30.0,44.0,1.4666666666666666
TX2460200,Georgetown Police Department,9.0,24.0,2.6666666666666665
TX2490000,Wise County Sheriff's Office,23.0,14.0,0.6086956521739131
TXDPD0000,Dallas Police Department,2851.0,3839.0,1.3465450719045948
TXHPD0000,Houston Police Department,3742.0,6325.0,1.6902725815072155
UT0030100,Logan Police Department,5.0,7.0,1.4
UT0060300,Layton Police Department,9.0,10.0,1.1111111111111112
UT0180000,Salt Lake County Unified Police Department,82.0,75.0,0.9146341463414634
UT0180300,Salt Lake City Police Department,108.0,202.0,1.8703703703703705
UT0180600,West Jordan Police Department,19.0,26.0,1.368421052631579
UT0181800,South Jordan Police Department,7.0,10.0,1.4285714285714286
UT0182500,West Valley Police Department,57.0,85.0,1.4912280701754386
UT0250000,Utah County Sheriff's Office,5.0,2.0,0.4
UT0250600,Provo Police Department,2.0,2.0,1.0
UT0270100,St. George Police Department,12.0,17.0,1.4166666666666667
UT0290000,Weber County Sheriff's Office,6.0,10.0,1.6666666666666667
UT0290100,Ogden Police Department,22.0,51.0,2.3181818181818183
VA0020300,Albemarle County Police Department,4.0,10.0,2.5
VA0070100,Arlington County Police Department,23.0,53.0,2.3043478260869565
VA0080000,Augusta County Sheriff's Office,11.0,6.0,0.5454545454545454
VA0100000,Bedford County Sheriff's Office,11.0,25.0,2.272727272727273
VA0160000,Campbell County Sheriff's Office,20.0,32.0,1.6
VA0210100,Chesterfield County Police Department,32.0,116.0,3.625
VA0290100,Fairfax County Police Department,32.0,40.0,1.25
VA0300000,Fauquier County Sheriff's Office,1.0,3.0,3.0
VA0330000,Franklin County Sheriff's Office,6.0,7.0,1.1666666666666667
VA0340000,Frederick County Sheriff's Office,6.0,4.0,0.6666666666666666
VA0420000,Hanover County Sheriff's Office,33.0,34.0,1.0303030303030303
VA0430100,Henrico County Police Department,115.0,213.0,1.8521739130434782
VA0470100,James City County Police Department,6.0,4.0,0.6666666666666666
VA0530000,Loudoun County Sheriff's Office,14.0,10.0,0.7142857142857143
VA0530100,Leesburg Police Department,2.0,9.0,4.5
VA0710000,Pittsylvania County Sheriff's Office,11.0,11.0,1.0
VA0750300,Prince William County Police Department,105.0,215.0,2.0476190476190474
VA0800300,Roanoke County Police Department,32.0,45.0,1.40625
VA0820000,Rockingham County Sheriff's Office,3.0,15.0,5.0
VA0880000,Spotsylvania County Sheriff's Office,8.0,12.0,1.5
VA0890000,Stafford County Sheriff's Office,49.0,71.0,1.4489795918367347
VA0980000,York County Sheriff's Office,13.0,25.0,1.9230769230769231
VA0990000,Alexandria Police Department,31.0,60.0,1.935483870967742
VA1030000,Chesapeake Police Department,168.0,301.0,1.7916666666666667
VA1110000,Hampton Police Department,97.0,111.0,1.1443298969072164
VA1120000,Harrisonburg Police Department,11.0,10.0,0.9090909090909091
VA1140000,Lynchburg Police Department,45.0,79.0,1.7555555555555555
VA1160000,Newport News Police Department,289.0,370.0,1.2802768166089966
VA1170000,Norfolk Police Department,288.0,573.0,1.9895833333333333
VA1200000,Portsmouth Police Department,295.0,282.0,0.9559322033898305
VA1220000,Richmond Police Department,201.0,218.0,1.0845771144278606
VA1230000,Roanoke Police Department,73.0,120.0,1.643835616438356
VA1270000,Suffolk Police Department,49.0,128.0,2.6122448979591835
VA1280000,Virginia Beach Police Department,29.0,53.0,1.8275862068965518
WA0030100,Kennewick Police Department,38.0,59.0,1.5526315789473684
WA0030200,Richland Police Department,12.0,20.0,1.6666666666666667
WA0060000,Clark County Sheriff's Office,14.0,24.0,1.7142857142857142
WA0060300,Vancouver Police Department,42.0,126.0,3.0
WA0110200,Pasco Police Department,20.0,34.0,1.7
WA0150000,Island County Sheriff's Office,4.0,4.0,1.0
WA0170000,King County Sheriff's Office,48.0,70.0,1.4583333333333333
WA0170100,Auburn Police Department,39.0,38.0,0.9743589743589743
WA0170200,Bellevue Police Department,8.0,15.0,1.875
WA0170700,Kent Police Department,46.0,105.0,2.282608695652174
WA0170800,Kirkland Police Department,6.0,5.0,0.8333333333333334
WA0171200,Redmond Police Department,6.0,2.0,0.3333333333333333
WA0171300,Renton Police Department,34.0,61.0,1.7941176470588236
WA0173600,Federal Way Police Department,45.0,118.0,2.6222222222222222
WA0174100,Burien Police Department,19.0,36.0,1.894736842105263
WA0174300,Shoreline Police Department,4.0,13.0,3.25
WA0175000,Sammamish Police Department,1.0,3.0,3.0
WA0180000,Kitsap County Sheriff's Office,21.0,28.0,1.3333333333333333
WA0230000,Mason County Sheriff's Office,13.0,10.0,0.7692307692307693
WA0270000,Pierce County Sheriff's Office,163.0,268.0,1.6441717791411044
WA0270300,Tacoma Police Department,379.0,756.0,1.9947229551451187
WA0272300,Lakewood Police Department,69.0,101.0,1.463768115942029
WA0290000,Skagit County Sheriff's Office,5.0,4.0,0.8
WA0310000,Snohomish County Sheriff's Office,59.0,63.0,1.0677966101694916
WA0310300,Everett Police Department,32.0,59.0,1.84375
WA0310500,Marysville Police Department,12.0,19.0,1.5833333333333333
WA0320000,Spokane County Sheriff's Office,23.0,30.0,1.3043478260869565
WA0320400,Spokane Police Department,124.0,197.0,1.5887096774193548
WA0321500,Spokane Valley Police Department,19.0,32.0,1.6842105263157894
WA0340000,Thurston County Sheriff's Office,20.0,31.0,1.55
WA0340100,Olympia Police Department,7.0,10.0,1.4285714285714286
WA0340400,Lacey Police Department,4.0,7.0,1.75
WA0370000,Whatcom County Sheriff's Office,14.0,12.0,0.8571428571428571
WA0370100,Bellingham Police Department,11.0,20.0,1.8181818181818181
WA0390000,Yakima County Sheriff's Office,16.0,28.0,1.75
WA0390500,Yakima Police Department,65.0,118.0,1.8153846153846154
WASPD0000,Seattle Police Department,280.0,544.0,1.9428571428571428
WI0050000,Brown County Sheriff's Office,2.0,1.0,0.5
WI0050200,Green Bay Police Department,40.0,58.0,1.45
WI0130000,Dane County Sheriff's Office,6.0,17.0,2.8333333333333335
WI0130100,Madison Police Department,64.0,84.0,1.3125
WI0180100,Eau Claire Police Department,9.0,7.0,0.7777777777777778
WI0320100,La Crosse Police Department,1.0,1.0,1.0
WI0370000,Marathon County Sheriff's Office,4.0,4.0,1.0
WI0411600,West Allis Police Department,14.0,11.0,0.7857142857142857
WI0450000,Outagamie County Sheriff's Office,0.0,0.0,
WI0450100,Appleton Police Department,8.0,16.0,2.0
WI0520200,Racine Police Department,28.0,31.0,1.1071428571428572
WI0540200,Janesville Police Department,2.0,2.0,1.0
WI0560000,St. Croix County Sheriff's Office,1.0,6.0,6.0
WI0710300,Oshkosh Police Department,11.0,8.0,0.7272727272727273
WIMPD0000,Milwaukee Police Department,1733.0,2942.0,1.6976341604154646
WV0020000,Berkeley County Sheriff's Office,10.0,17.0,1.7
WV0200000,Kanawha County Sheriff's Office,69.0,65.0,0.9420289855072463
WV0310000,Monongalia County Sheriff's Office,8.0,9.0,1.125
WV0410000,Raleigh County Sheriff's Office,9.0,27.0,3.0
A,R,,,
A,R,,,
A,R,,,
A,R,,,
A,R,,,
A,R,,,
A,R,,,
A,R,,,
A,R,,,
A,R,,,
A,R,,,
A,Z,,,
A,Z,,,
A,Z,,,
A,Z,,,
C,O,,,
C,O,,,
C,O,,,
C,O,,,
C,O,,,
C,O,,,
C,O,,,
C,O,,,
C,O,,,
C,O,,,
C,O,,,
C,O,,,
C,O,,,
C,O,,,
C,O,,,
C,O,,,
C,O,,,
C,O,,,
C,O,,,
C,O,,,
C,O,,,
C,O,,,
C,O,,,
C,O,,,
C,O,,,
C,O,,,
C,O,,,
C,O,,,
C,O,,,
C,T,,,
C,T,,,
C,T,,,
C,T,,,
C,T,,,
C,T,,,
C,T,,,
C,T,,,
C,T,,,
C,T,,,
C,T,,,
C,T,,,
C,T,,,
C,T,,,
D,E,,,
D,E,,,
D,E,,,
D,E,,,
G,A,,,
G,A,,,
G,A,,,
G,A,,,
G,A,,,
H,I,,,
I,A,,,
I,A,,,
I,A,,,
I,A,,,
I,A,,,
I,A,,,
I,A,,,
I,A,,,
I,A,,,
I,A,,,
I,A,,,
I,A,,,
I,D,,,
I,D,,,
I,D,,,
I,D,,,
I,D,,,
I,D,,,
I,D,,,
I,D,,,
I,D,,,
I,D,,,
I,D,,,
I,L,,,
I,N,,,
I,N,,,
I,N,,,
I,N,,,
I,N,,,
K,S,,,
K,S,,,
K,S,,,
K,S,,,
K,S,,,
K,Y,,,
K,Y,,,
K,Y,,,
K,Y,,,
K,Y,,,
K,Y,,,
K,Y,,,
K,Y,,,
K,Y,,,
K,Y,,,
L,A,,,
L,A,,,
L,A,,,
L,A,,,
L,A,,,
M,A,,,
M,A,,,
M,A,,,
M,A,,,
M,A,,,
M,A,,,
M,A,,,
M,A,,,
M,A,,,
M,A,,,
M,A,,,
M,A,,,
M,A,,,
M,A,,,
M,A,,,
M,A,,,
M,A,,,
M,A,,,
M,A,,,
M,A,,,
M,A,,,
M,A,,,
M,A,,,
M,A,,,
M,D,,,
M,E,,,
M,I,,,
M,I,,,
M,I,,,
M,I,,,
M,I,,,
M,I,,,
M,I,,,
M,I,,,
M,I,,,
M,I,,,
M,I,,,
M,I,,,
M,I,,,
M,I,,,
M,I,,,
M,I,,,
M,I,,,
M,I,,,
M,I,,,
M,I,,,
M,I,,,
M,I,,,
M,I,,,
M,I,,,
M,I,,,
M,I,,,
M,I,,,
M,I,,,
M,I,,,
M,I,,,
M,I,,,
M,I,,,
M,I,,,
M,I,,,
M,I,,,
M,I,,,
M,I,,,
M,I,,,
M,I,,,
M,I,,,
M,I,,,
M,I,,,
M,I,,,
M,I,,,
M,I,,,
M,I,,,
M,I,,,
M,I,,,
M,N,,,
M,N,,,
M,N,,,
M,N,,,
M,N,,,
M,N,,,
M,O,,,
M,O,,,
M,O,,,
M,O,,,
M,O,,,
M,O,,,
M,O,,,
M,S,,,
M,S,,,
M,S,,,
M,T,,,
M,T,,,
M,T,,,
M,T,,,
M,T,,,
M,T,,,
N,B,,,
N,B,,,
N,B,,,
N,B,,,
N,C,,,
N,C,,,
N,C,,,
N,C,,,
N,C,,,
N,C,,,
N,C,,,
N,C,,,
N,C,,,
N,C,,,
N,C,,,
N,C,,,
N,C,,,
N,C,,,
N,C,,,
N,C,,,
N,C,,,
N,C,,,
N,C,,,
N,C,,,
N,C,,,
N,C,,,
N,C,,,
N,C,,,
N,C,,,
N,C,,,
N,C,,,
N,C,,,
N,C,,,
N,C,,,
N,C,,,
N,C,,,
N,C,,,
N,C,,,
N,C,,,
N,C,,,
N,C,,,
N,C,,,
N,C,,,
N,C,,,
N,C,,,
N,D,,,
N,D,,,
N,D,,,
N,H,,,
N,H,,,
N,M,,,
N,M,,,
O,H,,,
O,H,,,
O,H,,,
O,H,,,
O,H,,,
O,H,,,
O,H,,,
O,H,,,
O,H,,,
O,H,,,
O,H,,,
O,H,,,
O,H,,,
O,H,,,
O,H,,,
O,H,,,
O,H,,,
O,H,,,
O,H,,,
O,H,,,
O,H,,,
O,H,,,
O,H,,,
O,H,,,
O,H,,,
O,H,,,
O,H,,,
O,H,,,
O,H,,,
O,H,,,
O,K,,,
O,K,,,
O,K,,,
O,R,,,
O,R,,,
O,R,,,
O,R,,,
O,R,,,
O,R,,,
O,R,,,
O,R,,,
O,R,,,
O,R,,,
O,R,,,
O,R,,,
O,R,,,
O,R,,,
O,R,,,
O,R,,,
O,R,,,
O,R,,,
R,I,,,
R,I,,,
R,I,,,
R,I,,,
S,C,,,
S,C,,,
S,C,,,
S,C,,,
S,C,,,
S,C,,,
S,C,,,
S,C,,,
S,C,,,
S,C,,,
S,C,,,
S,C,,,
S,C,,,
S,C,,,
S,C,,,
S,C,,,
S,C,,,
S,C,,,
S,C,,,
S,C,,,
S,C,,,
S,C,,,
S,C,,,
S,C,,,
S,C,,,
S,C,,,
S,D,,,
S,D,,,
T,N,,,
T,N,,,
T,N,,,
T,N,,,
T,N,,,
T,N,,,
T,N,,,
T,N,,,
T,N,,,
T,N,,,
T,N,,,
T,N,,,
T,N,,,
T,N,,,
T,N,,,
T,N,,,
T,N,,,
T,N,,,
T,N,,,
T,N,,,
T,N,,,
T,N,,,
T,N,,,
T,N,,,
T,N,,,
T,N,,,
T,N,,,
T,N,,,
T,X,,,
T,X,,,
T,X,,,
T,X,,,
T,X,,,
T,X,,,
T,X,,,
T,X,,,
T,X,,,
T,X,,,
T,X,,,
T,X,,,
T,X,,,
T,X,,,
T,X,,,
T,X,,,
T,X,,,
T,X,,,
T,X,,,
T,X,,,
T,X,,,
T,X,,,
T,X,,,
T,X,,,
T,X,,,
T,X,,,
T,X,,,
T,X,,,
T,X,,,
T,X,,,
T,X,,,
T,X,,,
T,X,,,
T,X,,,
T,X,,,
T,X,,,
T,X,,,
T,X,,,
T,X,,,
T,X,,,
T,X,,,
T,X,,,
T,X,,,
T,X,,,
T,X,,,
U,T,,,
U,T,,,
U,T,,,
U,T,,,
U,T,,,
U,T,,,
U,T,,,
U,T,,,
U,T,,,
U,T,,,
U,T,,,
U,T,,,
V,A,,,
V,A,,,
V,A,,,
V,A,,,
V,A,,,
V,A,,,
V,A,,,
V,A,,,
V,A,,,
V,A,,,
V,A,,,
V,A,,,
V,A,,,
V,A,,,
V,A,,,
V,A,,,
V,A,,,
V,A,,,
V,A,,,
V,A,,,
V,A,,,
V,A,,,
V,A,,,
V,A,,,
V,A,,,
V,A,,,
V,A,,,
V,A,,,
V,A,,,
V,A,,,
V,A,,,
V,A,,,
V,A,,,
V,A,,,
W,A,,,
W,A,,,
W,A,,,
W,A,,,
W,A,,,
W,A,,,
W,A,,,
W,A,,,
W,A,,,
W,A,,,
W,A,,,
W,A,,,
W,A,,,
W,A,,,
W,A,,,
W,A,,,
W,A,,,
W,A,,,
W,A,,,
W,A,,,
W,A,,,
W,A,,,
W,A,,,
W,A,,,
W,A,,,
W,A,,,
W,A,,,
W,A,,,
W,A,,,
W,A,,,
W,A,,,
W,A,,,
W,A,,,
W,A,,,
W,A,,,
W,A,,,
W,A,,,
W,I,,,
W,I,,,
W,I,,,
W,I,,,
W,I,,,
W,I,,,
W,I,,,
W,I,,,
W,I,,,
W,I,,,
W,I,,,
W,I,,,
W,I,,,
W,I,,,
W,I,,,
W,V,,,
W,V,,,
W,V,,,
W,V,,,
